Sponsors,State,Number
Aaron Aylward,South Dakota,"['HB1116', 'HB1125', 'HB1208', 'HB1080']"
Aaron Bean,US,"['HB734', 'HB5']"
Aaron Freeman,Indiana,"['HB1407', 'SB0480']"
Aaron Pilkington,Arkansas,['SB294']
Abby Angelos,Wyoming,"['SF0159', 'SF0133']"
Adam Anderson,Florida,"['H1069', 'H1069', 'H1223']"
Adam Bird,Ohio,['HB68']
Adam Burkhammer,West Virginia,['HB3097']
Adam Holmes,Ohio,['HB68']
Adam Mathews,Ohio,['HB6']
Adam Morgan,South Carolina,"['H3728', 'H3485', 'H3551', 'H3551']"
Adrienne Southworth,Kentucky,"['SB115', 'SB102']"
Al Novstrup,South Dakota,"['HB1116', 'HB1080']"
Alan Clark,Arkansas,"['SB294', 'SB43', 'HB1615']"
Alan Martinez,New Mexico,"['HB490', 'HB492']"
Alan Morgan,South Carolina,"['H3728', 'H3485', 'H3551', 'H3551']"
Albert Sommers,Wyoming,['SF0133']
Alessandro Cutrona,Ohio,"['HB68', 'HB6']"
Alex Andrade,Florida,['H0991']
Alexander Kolodin,Arizona,['HB2711']
Alexander Mooney,US,"['HB734', 'HB5']"
Alicia Lekas,New Hampshire,"['HB396', 'HB619']"
Ally Seifried,Oklahoma,['SB408']
Amanda Chase,Virginia,['SB791']
Amy Galey,North Carolina,['S49']
Amy Neighbors,Kentucky,"['HB470', 'HB177']"
Amy Regier,Montana,['HB303']
Andrea Reeb,New Mexico,['HM57']
Andrew Chesney,Illinois,['SB1659']
Andrew Clyde,US,"['HR115', 'HB1399']"
Andrew Farmer,Tennessee,['HB0239']
Andrew Koenig,Missouri,['SB49']
Andrew Marschall,North Dakota,"['HB1332', 'HB1333']"
Andrew Murr,Texas,"['HB1155', 'HB1686', 'HB23']"
Andrew Ogles,US,"['HR115', 'HB5']"
Andy Biggs,US,"['HB734', 'HR115', 'HB1399']"
Andy Zay,Indiana,['SB0480']
Angela Burks Hill,Mississippi,"['SB2076', 'SB2760', 'SB2763', 'SB2765', 'SB2770', 'SB2773', 'SB2820']"
Angela King,Ohio,"['HB68', 'HB6']"
Angela Paxton,Texas,"['SB14', 'SB15']"
Angela Rigas,Michigan,['HB4257']
Angelia Orr,Texas,"['HB1686', 'HB23', 'HB3164', 'HB888']"
Anita Hall,West Virginia,['HB3176']
Ann Kelley,Missouri,['HB634']
Ann Wagner,US,['HB734']
Anna Luna,US,"['HB734', 'HR115', 'HB1399', 'HB5']"
Anna Novak,North Dakota,"['HB1249', 'HB1489', 'HCR3010', 'SB2260']"
Anna Scharf,Oregon,['SB897']
Anne Donahue,Vermont,['H0183']
Anne Ferrell Tata,Virginia,['HB1387']
Anne Osmundson,Iowa,['HF2']
Anne Thayer,South Carolina,"['H3485', 'H3551', 'H3551']"
Annette Sweeney,Iowa,['SF83']
Anthony Bouchard,Wyoming,"['SF0144', 'SF0172']"
Anthony D'Esposito,US,['HB5']
Anthony Deluca,Rhode Island,['S0487']
Anthony Hartsook,Colorado,['HB1098']
Anthony Kern,Arizona,"['SB1028', 'SB1030', 'SB1694']"
Appropriations,Kansas,['HB2436']
April Cromer,South Carolina,"['H3485', 'H3551', 'H3551', 'H3616']"
April Fleming Miller,Maryland,['HB359']
April Rose,Maryland,['HB359']
Arch Beal,South Dakota,['HB1125']
Art Robinson,Oregon,['SB897']
Arthur Peterson,Vermont,['H0183']
Ashley Hinson,US,['HB5']
Ashley Trantham,South Carolina,"['H3485', 'H3551', 'H3551']"
August Pfluger,US,['HB734']
Austen Schauer,North Dakota,"['SB2199', 'SB2199', 'HB1139']"
Austin Mccollum,Arkansas,['SB294']
Austin Scott,US,['HB734']
Barbara Gleim,Pennsylvania,['HB138']
Barrie Ciliberti,Maryland,['HB359']
Barry Crago,Wyoming,"['HB0187', 'SF0133']"
Barry Moore,US,['HB734']
Bart Hester,Arkansas,"['SB294', 'SB43']"
Bart Williams,Mississippi,['SB2760']
Becky Currie,Mississippi,['HB1127']
Ben Adams,Idaho,['H0071']
Ben Baker,Missouri,['HB494']
Ben Brown,Missouri,"['SB49', 'SB87']"
Ben Bumgarner,Texas,"['HB1155', 'HB1686', 'HB2116', 'HB23', 'HB3164']"
Ben Cline,US,"['HB734', 'HR115', 'HB5']"
Ben Gilmore,Arkansas,"['SB270', 'SB294', 'SB43']"
Ben Hornok,Wyoming,['SF0144']
Ben Koppelman,North Dakota,"['HB1249', 'HB1297', 'HB1333', 'HB1474', 'HB1489']"
Ben Krohmer,South Dakota,"['HB1116', 'HB1125', 'HB1080']"
Ben Moss,North Carolina,['H43']
Ben Watson,Georgia,['SB140']
Benjamin Hymes,Maine,['LD678']
Benjamin Suber,Mississippi,['SB2760']
Bennie Cook,Missouri,"['HB1364', 'HB337']"
Benton Sawrey,North Carolina,['S49']
Bernard Willis,Ohio,"['HB68', 'HB6']"
Bernie Perryman,Minnesota,['HF551']
Bernie Satrom,North Dakota,['HB1139']
Berny Jacques,Florida,['H1421']
Beth Lear,Ohio,"['HB68', 'HB6']"
Bethanne McCarthy Patrick,New Jersey,"['A1418', 'A1630']"
Bethany Soye,South Dakota,"['HB1116', 'HB1125', 'HB1080']"
Bill Allemand,Wyoming,['SF0111']
Bill Dean,Ohio,['HB68']
Bill Hansell,Oregon,"['SB452', 'SB453']"
Bill Huizenga,US,['HB5']
Bill Kinkade,Mississippi,['HB1125']
Bill Pigott,Mississippi,['HB1127']
Bill Posey,US,"['HB734', 'HB1399', 'HB5']"
Bill Taylor,South Carolina,"['H3728', 'H3197']"
Bill Tveit,North Dakota,"['HB1301', 'SB2199', 'SB2199', 'HB1254', 'HB1333']"
Bill Ward,North Carolina,['H43']
Bill Wiley,Virginia,"['HB1387', 'HB2432']"
Billy Calvert,Mississippi,['HB1127']
Billy Hickman,Georgia,['SB140']
Billy Wesley,Kentucky,"['HB470', 'HB173', 'HB177', 'HB30', 'HB58', 'HB585']"
Blaise Ingoglia,Florida,['S0952']
Blake Doriot,Indiana,"['SB0480', 'SB0413']"
Blake Johnson,Arkansas,"['SB270', 'SB294', 'SB43']"
Blake Stephens,Oklahoma,"['SB129', 'SB613']"
Blake Tillery,Georgia,['SB140']
Bo Watson,Tennessee,['SB0003']
Bob Hall,Texas,"['SB1029', 'SB1082', 'SB1198', 'SB1443', 'SB249', 'SB250', 'SB393', 'SCR3', 'SB14', 'SB15']"
Bob Long,Maryland,['HB359']
Bob Paulson,North Dakota,"['HB1301', 'HB1249', 'HB1473', 'HB1489', 'SB2260']"
Bob Phalen,Montana,['HB234']
Bobby Cox,South Carolina,"['H3728', 'H3485', 'H3551', 'H3551']"
Bobby Hanig,North Carolina,['S49']
Bobby Kaufmann,Iowa,['HF2']
Bobby Levy,Oregon,['SB897']
Bobby McCool,Kentucky,"['HB470', 'HB177', 'HB30']"
Boomer Wright,Oregon,"['HB2186', 'SB897']"
Brad Boles,Oklahoma,['HB1947']
Brad Buckley,Texas,"['HB1686', 'HB23']"
Brad Finstad,US,"['HB734', 'HB5']"
Brad Hudson,Missouri,"['HB419', 'HB1157', 'HB137']"
Brad Overcash,North Carolina,['S49']
Brad Wenstrup,US,"['HB734', 'HB5']"
Brad Zaun,Iowa,['SF83']
Brady Brammer,Utah,['SB0093']
Brady Williamson,Mississippi,"['HB1127', 'HB456', 'HB576', 'HB1125']"
Brandei Schaefbauer,South Dakota,"['HB1116', 'HB1080']"
Brandi Bradley,Colorado,['HB1098']
Brandon Achor,Arkansas,['SB294']
Brandon Beach,Georgia,"['SB140', 'SB88']"
Brandon Cox,South Carolina,['H3197']
Brandon Guffey,South Carolina,['H3485']
Brandon Ler,Montana,['HB361']
Brandon Mitchell,Idaho,['H0071']
Brandon Newton,South Carolina,['H3485']
Brandon Prichard,North Dakota,"['HB1301', 'HB1332', 'HB1526', 'HB1254', 'HB1297', 'HB1333', 'HB1473', 'HB1474']"
Brandon Reed,Kentucky,"['HB470', 'HB177', 'HB30']"
Brandon Steele,West Virginia,"['HB2125', 'HB3097']"
Brandon Storm,Kentucky,['SB150']
Brandon Williams,US,['HB5']
Braxton Mitchell,Montana,['HB359']
Breanne Davis,Arkansas,['SB294']
Brent Crane,Idaho,['H0071']
Brent Hoffman,South Dakota,"['HB1116', 'HB1125', 'HB1080']"
Brent Taylor,Tennessee,"['SB0001', 'SB0003']"
Brenton Awa,Hawaii,"['SB1428', 'SB1429']"
Brett Guthrie,US,['HB5']
Brian Adams,South Carolina,"['S0234', 'S0243', 'S0424']"
Brian Babin,US,"['HB1276', 'HB1399', 'HB5']"
Brian Birdwell,Texas,"['SB14', 'SB15']"
Brian Buchanan,Indiana,['SB0480']
Brian Chisholm,Maryland,['HB359']
Brian Evans,Arkansas,['SB294']
Brian Harrison,Texas,"['HB1029', 'HB1686', 'HB23', 'HB3164', 'HB776', 'HB3902']"
Brian Lampton,Ohio,['HB68']
Brian Lawson,South Carolina,"['H3485', 'H3551', 'H3551']"
Brian Mast,US,['HB429']
Brian Mulder,South Dakota,['HB1116']
Brian Seitz,Missouri,['HB170']
Brian Stewart,Ohio,"['HB68', 'HB6']"
Brian Strickland,Georgia,['SB140']
Briscoe Cain,Texas,"['HB1155', 'HB1686', 'HB1752', 'HB23', 'HB3164', 'HB631', 'HB888']"
Brit McKenzie,Arkansas,['SB294']
Brock Martin,Tennessee,['HB0001']
Brooke Boden,Iowa,['HF2']
Brooks Landgraf,Texas,"['HB1686', 'HB23']"
Bruce Bannister,South Carolina,['H3728']
Bruce Borders,Indiana,['HB1525']
Bruce Cozart,Arkansas,['SB294']
Bruce Westerman,US,['HB734']
Bryan Hughes,Texas,"['SB476', 'SB1690', 'SB14', 'SB15']"
Bryan Richey,Tennessee,"['HB0001', 'HB0009', 'HB0030', 'HB0878']"
Bryan Slaton,Texas,"['HB1686', 'HB23', 'HB42', 'HB4129']"
Bryan Steil,US,['HB5']
Bryce Reeves,Virginia,"['SB1186', 'SB1203', 'SB960', 'SB962']"
Buck Newton,North Carolina,['S49']
Bud Hulsey,Tennessee,"['HB0001', 'HB0878']"
Burgess Owens,US,"['HB734', 'HR115', 'HB5']"
Byron Callies,South Dakota,['HB1080']
Byron Pelton,Colorado,['HB1098']
Caleb Hanna,West Virginia,"['HB2923', 'HB3503']"
Cally Forrest,South Carolina,['H3485']
Cameron Cooper,Arkansas,"['SB294', 'SB43', 'HB1615']"
Cameron Sexton,Tennessee,"['HB0001', 'HB1215']"
Candy Massaroni,Kentucky,"['HB470', 'HB173', 'HB177', 'HB30']"
Candy Noble,Texas,"['HB1155', 'HB1686', 'HB23', 'HB3164', 'HB888']"
Carden Summers,Georgia,"['SB140', 'SB141', 'SB88']"
Carl Ford,North Carolina,['S49']
Carl Glimm,Montana,"['SB413', 'SB458']"
Carl Martin,West Virginia,['HB3097']
Carl Perry,South Dakota,"['HB1116', 'HB1125', 'HB1208', 'HCR6008', 'HB1080']"
Carl Tepper,Texas,"['HB1155', 'HB1686', 'HB23', 'HB3164']"
Carlos Gimenez,US,"['HB734', 'HB5']"
Carlton Wing,Arkansas,['SB294']
Caroline Harris,Texas,"['HB1155', 'HB1686', 'HB23']"
Carrie Gendreau,New Hampshire,['SB272']
Carrie Isaac,Texas,"['HB1155', 'HB1686', 'HB23', 'HB3164', 'HB888']"
Carson Smith,North Carolina,['H43']
Casey Murdock,Oklahoma,"['SB131', 'SB30']"
Cathrynn Brown,New Mexico,['HM57']
Cathy McMorris Rodgers,US,['HB5']
Cecil Bell,Texas,"['HB1686', 'HB23']"
Celeste Cairns,North Carolina,['H43']
Chad Puryear,Arkansas,['SB294']
Charlene Fite,Arkansas,['SB294']
Charles Anderson,Texas,"['HB1686', 'HB1952', 'HB23', 'HB3164', 'HB888']"
Charles Creighton,Texas,"['SB649', 'SB15']"
Charles Cunningham,Texas,"['HB1686', 'HB23']"
Charles Fleischmann,US,['HB734']
Charles Horst,West Virginia,"['HB3176', 'HB3503']"
Charles McCall,Oklahoma,['HB1947']
Charles Otto,Maryland,['HB359']
Charles Perry,Texas,"['SB1029', 'SB162', 'SB249', 'SB250', 'SB649', 'SB14', 'SB15']"
Charles Schwertner,Texas,['SB15']
Charles Scott,Wyoming,['SF0111']
Charles Wilson,Vermont,['H0183']
Charles Younger,Mississippi,['SB2760']
Charley Thomson,Iowa,['HF2']
Charlie Baum,Tennessee,"['HB0001', 'HB0009']"
Charlie Geren,Texas,['HB1686']
Charlie Shepherd,Idaho,['H0071']
Cheri Steinmetz,Wyoming,"['SF0111', 'SF0159', 'SF0133']"
Cherielynn Westrich,Iowa,"['SF83', 'SF110', 'SF335']"
Choice & Innovation Subcommittee,Florida,['H1223']
Chris Brown,Mississippi,['HB1125']
Chris Caughman,Mississippi,['SB2760']
Chris Cournoyer,Iowa,['SF83']
Chris Freeland,Kentucky,"['HB177', 'HB30']"
Chris Fugate,Kentucky,"['HB470', 'HB173', 'HB177', 'HB30']"
Chris Head,Virginia,['HB1387']
Chris Hurt,Tennessee,['HB0571']
Chris Jeter,Indiana,"['HB1407', 'HB1608']"
Chris Karr,South Dakota,"['HB1116', 'HB1125', 'HB1080']"
Chris McDaniel,Mississippi,"['SB2760', 'SB2764', 'SB2861', 'SB2864']"
Chris Phillips,West Virginia,"['HB3097', 'HB3503']"
Chris Pritt,West Virginia,"['HB2923', 'HB2972', 'HB2998', 'HB3001', 'HB3503']"
Chris Runion,Virginia,"['HB1387', 'HB2432']"
Chris Sneed,Oklahoma,['HB1466']
Chris Todd,Tennessee,"['HB0001', 'HB0009', 'HB0030', 'HB0878', 'HB1414']"
Chris Tomlinson,Maryland,['HB359']
Christine Goodwin,Oregon,"['HB2186', 'HB2477', 'HB3137', 'SB897']"
Christopher Adams,Maryland,['HB359']
Christopher Bouchat,Maryland,['HB359']
Christopher DePhillips,New Jersey,"['A1418', 'A3883']"
Christopher Judy,Indiana,['HB1220']
Christopher Murphy,South Carolina,['H3197']
Christopher Smith,US,"['HB734', 'HB5']"
Christopher Wooten,South Carolina,"['H3551', 'H3551']"
Chuck Edwards,US,['HB5']
Chuck Horst,West Virginia,['HB2007']
Chuck Payne,Georgia,"['SB140', 'SB88']"
Cindy Crawford,Arkansas,"['HB1156', 'SB270', 'SB294', 'SB43', 'HB1468', 'HB1615']"
Cindy Golding,Iowa,['HF2']
Cindy Hyde-Smith,US,"['SB200', 'SR53']"
Cindy O'Laughlin,Missouri,['SB49']
Claire Cory,North Dakota,"['HB1249', 'SB2231']"
Clarence Styvar,Wyoming,"['SF0111', 'SF0133']"
Clark Boyd,Tennessee,"['HB0001', 'HB0571']"
Clark Stith,Wyoming,['HB0187']
Claudia Tenney,US,"['HB734', 'HR115', 'HB5']"
Clay Doggett,Tennessee,"['HB0001', 'HB0030']"
Clay Higgins,US,"['HB734', 'HB1399', 'HB5']"
Clay Yarborough,Florida,"['S0254', 'S1320']"
Clint Dixon,Georgia,"['SB140', 'SB141', 'SB88']"
Clint Penzo,Arkansas,"['SB294', 'SB43']"
Clinton Owlett,Pennsylvania,['HB138']
Cody Harris,Texas,"['HB1155', 'HB1686', 'HB23', 'HB3164']"
Cody Maynard,Oklahoma,['HB2177']
Cody Rogers,Oklahoma,"['SB408', 'SB613', 'SB131', 'SB30']"
Cody Vasut,Texas,"['HB1155', 'HB1686', 'HB23', 'HB3164']"
Cole Christensen,North Dakota,"['HB1474', 'HB1522']"
Cole Conley,North Dakota,['HB1139']
Cole Hefner,Texas,"['HB1155', 'HB1686', 'HB23', 'HB3164', 'HB672']"
Colin Jack,Utah,['HB0329']
Collin Duel,Oklahoma,['HB2736']
Colton Moore,Georgia,"['SB140', 'SB141', 'SB88']"
Cory McGarr,Arizona,"['SB1694', 'SB1700', 'HB2312', 'SB1698', 'SB1702']"
Craig Goldman,Texas,"['HB1686', 'HB23']"
Craig Johnson,Iowa,['HF2']
Craig Staats,Pennsylvania,['HB138']
Curtis Bramble,Utah,['HB0228']
Curtis Trent,Missouri,"['SB39', 'SB49']"
Cyndi Buchheit-Courtway,Missouri,['HB916']
Cyndy Jacobsen,Washington,['HB1233']
Cynthia Lummis,US,['SR53']
Cynthia Roe,Oklahoma,['HB1449']
Cyrus Javadi,Oregon,['HB3137']
Cyrus Western,Wyoming,['HB0187']
D. J. Swearingen,Ohio,"['HB68', 'HB8']"
DJ Johnson,Kentucky,"['HB470', 'HB177', 'HB30']"
Dale DeVon,Indiana,"['HB1407', 'HB1220']"
Dale Hawkins,Idaho,['H0071']
Dallas Harris,Nevada,['SB302']
Dalton Banks,Wyoming,['SF0111']
Dan Bishop,US,['HB429']
Dan Crenshaw,US,"['HB734', 'HB5']"
Dan Daley,Florida,['H1269']
Dan Dockstader,Wyoming,"['SF0117', 'SF0133']"
Dan Eubanks,Mississippi,"['HB1258', 'HB1125']"
Dan Howell,Tennessee,"['HB0001', 'HB0009', 'HB0030', 'HB0878']"
Dan Laursen,Wyoming,"['SF0144', 'SF0172']"
Dan Meuser,US,['HB5']
Dan Newhouse,US,['HB5']
Dan Ruby,North Dakota,"['HB1332', 'HB1297', 'HB1333']"
Dan Sullivan,Arkansas,"['HB1156', 'SB294', 'SB43']"
Dana Criswell,Mississippi,['HB1099']
Daniel Elliott,Kentucky,['HB470']
Daniel Fister,Kentucky,"['HB470', 'HB177', 'HB30']"
Daniel Foreman,Idaho,['H0071']
Daniel Gibson,South Carolina,"['H3551', 'H3551']"
Daniel Innis,New Hampshire,['SB272']
Daniel McCay,Utah,['SB0093']
Daniel Singh,Wyoming,['SF0172']
Daniel Webster,US,['HB734']
Danny Bentley,Kentucky,"['HB177', 'HB30']"
Danny Carroll,Kentucky,['SB150']
Danny Verdin,South Carolina,"['S0274', 'S0276', 'S0364', 'S0623', 'S0624']"
Danny Watson,Arkansas,"['SB294', 'HB1615']"
Danny Williams,Oklahoma,"['HB2546', 'HB1781']"
Darin LaHood,US,"['HB734', 'HB5']"
Darlene Taylor,Georgia,['HB653']
Darrell Kick,Ohio,"['HB68', 'HB6']"
Darren Thorne,West Virginia,['HB3176']
Daryl Abbas,New Hampshire,['SB272']
Dave Deyoe,Iowa,['HF2']
Dave LaRock,Virginia,"['HB1387', 'HB2432']"
Dave Murman,Nebraska,"['LB371', 'LB810']"
Dave Rowley,Iowa,"['SF83', 'SF110']"
Dave Testerman,New Hampshire,['HB417']
David Abbott,Indiana,['HB1231']
David Adkins,West Virginia,['HB2007']
David Alcos,Hawaii,['HB291']
David Bullard,Oklahoma,"['HB2186', 'SB129', 'SB408', 'HB2177', 'SB613', 'SB866']"
David Clemens,North Dakota,"['SB2199', 'SB2199', 'HB1139', 'HB1254', 'HB1297']"
David Cook,Texas,"['HB1155', 'HB1686', 'HB23', 'HB3164']"
David Friess,Illinois,['HB1562']
David Hale,Kentucky,"['HB470', 'HB173', 'HB177', 'HB30']"
David Hardin,Oklahoma,['SB613']
David Hawk,Tennessee,"['HB0001', 'HB0009']"
David Kull,South Dakota,['HB1080']
David Kustoff,US,['HB5']
David Love,New Hampshire,['HB619']
David Northrup,Wyoming,['HB0187']
David O'Neal,South Carolina,"['H3485', 'H3551', 'H3551', 'H3616']"
David Ray,Arkansas,['SB294']
David Rouzer,US,['HB5']
David Rowe,Pennsylvania,['HB138']
David Rust,North Dakota,['HB1139']
David Smith,Oregon,"['HB2186', 'SB749', 'SB897']"
David Spiller,Texas,"['HB1155', 'HB122', 'HB1686', 'HB23', 'HB3164', 'HB41', 'HB888', 'HB3902']"
David Valadao,US,['HB5']
David Vaughan,South Carolina,"['H3197', 'H3551', 'H3551']"
David Wallace,Arkansas,"['SB270', 'SB294']"
David Willis,North Carolina,['H43']
David Zimmerman,Pennsylvania,['HB138']
Dawn Keefer,Pennsylvania,['HB138']
Dawn White,Tennessee,['SB0001']
DeAnna Hodges,Arkansas,"['HB1156', 'SB43']"
Dean Black,Florida,"['H0991', 'H1223', 'H1421', 'H1521']"
Dean Davis,Oklahoma,['HB1947']
Dean Fisher,Iowa,"['HF2', 'HF290']"
Dean Jeffries,West Virginia,['HB3097']
Deanna Frazier Gordon,Kentucky,"['HB470', 'HB177']"
Debbie Lesko,US,"['HB734', 'HR115', 'HB1399', 'HB5']"
Debra DeSimone,New Hampshire,['HB396']
Debra Moody,Tennessee,"['HB0001', 'HB0009', 'HB0030', 'HB0878']"
Delia Haak,Arkansas,"['SB294', 'SB43']"
Denise Hader,Oklahoma,"['HB1449', 'HB2177']"
Denise Ricciardi,New Hampshire,['SB272']
Dennis Biteman,Wyoming,"['SF0159', 'SF0172', 'SF0133']"
Dennis DeBar,Mississippi,['SB2760']
Dennis Guth,Iowa,"['SF83', 'SF110']"
Dennis Linthicum,Oregon,['SB897']
Dennis Paul,Texas,"['HB1686', 'HB23']"
Dennis Powers,Tennessee,"['HB0001', 'HB0009', 'HB1269', 'HB0030']"
Denny Hoskins,Missouri,"['SB39', 'SB49', 'SB2', 'SB236']"
Derek Merrin,Ohio,"['HB68', 'HB6']"
Derek Wulf,Iowa,['HF2']
Derrick Van Orden,US,['HB5']
Devon Wood,Iowa,['HF2']
Dewayne Burns,Texas,"['HB1686', 'HB23']"
Diamond Garcia,Hawaii,"['HB508', 'HB509', 'HB891']"
Diana Harshbarger,US,"['HB734', 'HR115', 'HB1399', 'HB5']"
Diane Larson,North Dakota,['HB1249']
Dick Anderson,North Dakota,"['HB1254', 'HB1474']"
Dick Stein,Ohio,"['HB68', 'HB6']"
Dina Neal,Nevada,['SB302']
Donald Burkhart,Wyoming,['SF0159']
Donald McCabe,South Carolina,"['H3485', 'H3551', 'H3551']"
Donna Campbell,Texas,"['SB249', 'SB250', 'SB625', 'SCR3', 'SB14', 'SB15']"
Donna Henderson,North Dakota,"['HB1473', 'HCR3010']"
Donnie Loftis,North Carolina,['H43']
Doug Bankson,Florida,"['H1223', 'H1421']"
Doug Gilliam,South Carolina,"['H3197', 'H3485', 'H3551', 'H3551', 'H3564', 'H3565']"
Doug LaMalfa,US,"['HB734', 'HR115', 'HB5']"
Doug Lamborn,US,"['HB429', 'HB1399', 'HB5']"
Douglas Broxson,Florida,['S0254']
Douglas Dubitsky,Connecticut,['HB06213']
Doyle Heffley,Pennsylvania,['HB138']
Drew Darby,Texas,['HB23']
Drew Ferguson,US,['HB5']
Drew Springer,Texas,"['SB14', 'SB15']"
Dusty Johnson,US,['HB5']
Dwight Loftis,South Carolina,['S0234']
Dwight Tosh,Arkansas,"['HB1156', 'SB43']"
Earl Carter,US,"['HB734', 'HR115', 'HB5']"
Ed  Diehl,Oregon,"['HB2186', 'HB2477', 'HB3137']"
Ed Butler,Tennessee,"['HB0001', 'HB0009', 'HB0030', 'HB0878', 'HB0571']"
Ed Charbonneau,Indiana,['SB0480']
Ed Lewis,Missouri,['HB192']
Ed Setzler,Georgia,"['SB140', 'SB141']"
Ed Thompson,Texas,"['HB1686', 'HB23']"
Eddie Andrews,Iowa,['HF2']
Eddie Settle,North Carolina,['S49']
Edgar Flores,Nevada,['SB302']
Education,Iowa,"['HF348', 'HF616', 'HF620', 'HSB222', 'SF482', 'SF496', 'HF180', 'HF180']"
Education,Kansas,"['HB2238', 'SB207']"
Education & Employment Committee,Florida,"['H1069', 'H1069']"
Education Committee,Idaho,['S1100']
Education Pre-K -12,Florida,['S1320']
Education Quality Subcommittee,Florida,"['H1069', 'H1069']"
Edward Durr,New Jersey,"['S2648', 'S3076', 'S585', 'S589']"
Edward Jackson,Tennessee,"['SB0001', 'SB0003']"
Edward Thomson,New Jersey,['A3883']
Elaine Davis,Tennessee,"['HB0001', 'HB0009', 'HB0571']"
Elaine Gannon,Missouri,"['SB39', 'SB49']"
Elaine Morgan,Rhode Island,"['S0391', 'S0487']"
Elaine Price,Idaho,['H0071']
Elias Coop-Gonzalez,West Virginia,"['HB2007', 'HB3503']"
Elise Stefanik,US,"['HB734', 'HB5']"
Elizabeth May,South Dakota,"['HB1116', 'HB1125', 'HB1208', 'HB1080']"
Ellen Campbell,Virginia,['HB1707']
Ellen Troxclair,Texas,"['HB1155', 'HB1686', 'HB23', 'HB3164', 'HB888', 'HB3883']"
Ember Oakley,Wyoming,['HB0187']
Emily Brewer,Virginia,['HB1387']
Emily Callaway,Kentucky,"['HB470', 'HB173', 'HB177']"
Emily McIntire,Oregon,['HB2186']
Eric Brooks,West Virginia,"['HB2007', 'HB3097']"
Eric Crawford,US,"['HB734', 'HB5']"
Eric Lucero,Minnesota,"['SF311', 'SF933']"
Eric Tarr,West Virginia,['SB103']
Erik Peterson,New Jersey,"['A1418', 'A1630', 'A4042']"
Erin Grall,Florida,['S1674']
Erin Houchin,US,"['HB734', 'HB5']"
Ernest Bailes,Texas,['HB23']
Ernest Gonzales,US,['HB5']
Ernie Otten,South Dakota,['HB1080']
Esther Helton-Haynes,Tennessee,['HB0001']
Evan Vickers,Utah,['HB0329']
Evie Brennan,Wyoming,['SF0111']
Federal and State Affairs,Kansas,"['SB233', 'HB2404', 'HB2427', 'SB149', 'SB201', 'SB224', 'SB255', 'SB291']"
Felicia Rabourn,Kentucky,"['HB120', 'HB177']"
Ferrell Haile,Tennessee,"['SB0001', 'SB0003', 'SB0466']"
Forrest Chadwick,Wyoming,['SF0111']
Four Price,Texas,['HB23']
Frances Cavenaugh,Arkansas,['SB294']
Frank Niceley,Tennessee,['SB0003']
Frank Sossamon,North Carolina,['H43']
Fred Deutsch,South Dakota,"['HB1116', 'HB1125', 'HB1080']"
Fred Shanks,Mississippi,"['HB1127', 'HB1480']"
Frederick Frazier,Texas,"['HB1686', 'HB23', 'HB3164']"
Garland Barr,US,['HB734']
Garret Graves,US,['HB5']
Gary Boswell,Kentucky,"['SB115', 'SB150', 'SB102']"
Gary Brewer,South Carolina,['H3197']
Gary Byrne,Indiana,"['HB1608', 'SB0480', 'SB0351', 'SB0413']"
Gary Click,Ohio,"['HB68', 'HB6']"
Gary Gates,Texas,"['HB1155', 'HB1686', 'HB23', 'HB3164']"
Gary Howell,West Virginia,['HB3176']
Gary Stubblefield,Arkansas,"['SB199', 'SB294', 'SB43', 'HB1615']"
Gary Vandeaver,Texas,"['HB1686', 'HB23', 'HB3164']"
Geanie Morrison,Texas,"['HB1686', 'HB23']"
Gene Newman,Mississippi,['HB1125']
Geno Chiarelli,West Virginia,"['HB2007', 'HB2923', 'HB2972', 'HB2998', 'HB3001']"
Geoff Foster,West Virginia,"['HB2007', 'HB3097']"
George Burns,Oklahoma,"['SB129', 'SB613', 'SB131', 'SB250', 'SB251', 'SB252', 'SB30']"
George Campsen,South Carolina,['S0234']
George Cleveland,North Carolina,['H43']
George Santos,US,"['HB734', 'HR115', 'HB5']"
George Wise,Kentucky,['SB150']
Gerard Scharfenberger,New Jersey,"['A1418', 'A1630']"
Gex Williams,Kentucky,"['SB115', 'SB150', 'SB102']"
Gil Gatch,South Carolina,['H3197']
Ginny Ehrhart,Georgia,['HB653']
Gino Bulso,Tennessee,"['HB0001', 'HB0009', 'HB0239', 'HB0306', 'HB0878']"
Giovanni Capriglione,Texas,"['HB1686', 'HB23', 'HB3164']"
Glenn Grothman,US,"['HB1276', 'HB1399', 'HB5']"
Glenn Gruenhagen,Minnesota,"['SF311', 'SF933']"
Glenn Rogers,Texas,"['HB1686', 'HB23', 'HB888']"
Glenn Thompson,US,['HB5']
Glenneda Zuiderveld,Idaho,['H0071']
Gordon Rogers,Rhode Island,['S0487']
Grant Hodges,Arkansas,['SB294']
Greg Bonnen,Texas,"['HB1686', 'HB23', 'HB4378']"
Greg Dolezal,Georgia,['SB141']
Greg Murphy,US,['HB734']
Greg Steube,US,"['HB734', 'HR115', 'HB1399', 'HB5', 'HB985']"
Greg Vital,Tennessee,"['HB0001', 'HB0009']"
Greg Walker,Indiana,['SB0480']
Gregory McGuckin,New Jersey,"['A1418', 'A1630']"
Guy Reschenthaler,US,['HB5']
Guy Ward,West Virginia,['HB2007']
Hardy Billington,Missouri,['HB1258']
Harlan Breaux,Arkansas,"['SB294', 'HB1468']"
Harlan Vincent,New Mexico,"['HB490', 'HB492', 'HM57']"
Harold Corbin,North Carolina,['S49']
Harriet Hageman,US,"['HB734', 'HR115', 'HB1399', 'HB5']"
Harry Niska,Minnesota,['HF551']
Health And Human Services,Iowa,['SF538']
Health Policy,Florida,['S0254']
Healthcare Regulation Subcommittee,Florida,['H1421']
Heather Crawford,South Carolina,"['H3551', 'H3551']"
Heather Hora,Iowa,['HF2']
Heather Scott,Idaho,['H0071']
Helena Hayes,Iowa,['HF482']
Henry Dillon,West Virginia,"['HB3176', 'HB3183']"
Henry Stone,Iowa,['HF2']
Holly Thompson Rehder,Missouri,"['SB39', 'SB49']"
Howard Beaty,Arkansas,['SB294']
Howard Pearl,New Hampshire,['SB272']
Hugh Shine,Texas,"['HB1686', 'HB23']"
Hyland Fowler,Virginia,['HB1387']
Iris Rudder,Tennessee,['HB0001']
J.D. Vance,US,['SB635']
J.M. Lozano,Texas,"['HB1155', 'HB1686', 'HB23']"
Jacey Jetton,Texas,"['HB1686', 'HB23', 'HB3164']"
Jack Bergman,US,['HB734']
Jack Fortner,Arkansas,['SB294']
Jack Johnson,Tennessee,"['SB0001', 'SB0003', 'SB1469']"
Jack Ladyman,Arkansas,"['HB1156', 'SB43']"
Jack Sandlin,Indiana,"['SB0480', 'SB0351']"
Jacob Bossman,Iowa,['HF2']
Jacob Justice,Kentucky,['HB177']
Jacob Laturner,US,['HB5']
Jacyn Gallagher,Idaho,['H0071']
Jake Ellzey,US,"['HB734', 'HR115', 'HB5']"
Jake Hoffman,Arizona,['SB1694']
Jake Johnson,North Carolina,['H43']
Jake McCalmon,Tennessee,"['HB0001', 'HB0009', 'HB0030', 'HB0878']"
Jake Teshka,Indiana,"['HB1608', 'SB0480', 'HB1220', 'HB1346']"
James Adams,North Carolina,['H43']
James Baird,US,['HB5']
James Buck,Indiana,['SB0480']
James Burns,South Carolina,"['H3728', 'H3197', 'H3485', 'H3551', 'H3551', 'H3564', 'H3565', 'H3827']"
James Clampitt,North Carolina,['H43']
James Comer,US,['HB734']
James DeSana,Michigan,['HB4257']
James Edmunds,Virginia,['HB1387']
James Frank,Texas,"['HB1686', 'HB23', 'HB3164']"
James Gray,New Hampshire,['SB272']
James Hieb,Oregon,"['HB3137', 'SB897']"
James Holzapfel,New Jersey,['S589']
James Hoops,Ohio,['HB68']
James Kasper,North Dakota,"['HB1249', 'HB1297', 'HB1474']"
James Lankford,US,['SB635']
James Ohrenschall,Nevada,['SB302']
James Risch,US,['SB200']
James Spillane,New Hampshire,['HB619']
James Tipton,Kentucky,"['HB470', 'HB177', 'HB30']"
James Tomes,Indiana,['SB0480']
James Townsend,New Mexico,['HB490']
James White,Maine,['LD678']
Jami Cate,Oregon,['SB897']
Jamie Burger,Missouri,['HB183']
Jane English,Arkansas,['SB294']
Janie Lopez,Texas,"['HB1155', 'HB1686', 'HB23']"
Janince Bowling,Tennessee,"['SB1440', 'SB0001', 'SB0003', 'SB0005']"
Janne Myrdal,North Dakota,"['HB1249', 'HB1254', 'HB1297', 'HB1489']"
Jared Olsen,Wyoming,"['SF0111', 'SF0159']"
Jared Patterson,Texas,"['HB1155', 'HB1686', 'HB23', 'HB3164', 'HB436', 'HB643', 'HB4961']"
Jaron Crane,Idaho,['H0071']
Jason Anavitarte,Georgia,['SB140']
Jason Ballard,Virginia,['HB1387']
Jason Barrett,Mississippi,['SB2760']
Jason Bean,Missouri,"['SB39', 'SB49']"
Jason Buckel,Maryland,['HB359']
Jason Elliott,South Carolina,['H3728']
Jason Petrie,Kentucky,"['HB470', 'HB177', 'HB30']"
Jason Smith,US,['HB734']
Jason Zachary,Tennessee,"['HB0001', 'HB0009', 'HB0878']"
Jay Dean,Texas,"['HB1155', 'HB1686', 'HB23']"
Jay Edwards,Ohio,['HB68']
Jay Jacobs,Maryland,['HB359']
Jay Kilmartin,South Carolina,"['H3197', 'H3485', 'H3551', 'H3551']"
Jay Reedy,Tennessee,"['HB0001', 'HB0009', 'HB0571']"
Jay Taylor,West Virginia,"['SB692', 'SB697']"
Jay Webber,New Jersey,['A3883']
Jean Schmidt,Ohio,['HB6']
Jeanette Ward,Wyoming,"['SF0159', 'SF0172']"
Jeanine Notter,New Hampshire,"['HB396', 'HB619']"
Jeb Bradley,New Hampshire,['SB272']
Jeff Cornilles,Idaho,['H0071']
Jeff Duncan,US,"['HB429', 'HB734', 'HR115', 'HB1399', 'HB5']"
Jeff Ghrist,Maryland,['HB359']
Jeff Hale,Mississippi,['HB1127']
Jeff Hoverson,North Dakota,"['HB1526', 'HB1473']"
Jeff Howe,Minnesota,['SF933']
Jeff LaRe,Ohio,['HB6']
Jeff Leach,Texas,"['HB1155', 'HB1686', 'HB23', 'HB3502', 'HB888']"
Jeff Raatz,Indiana,"['HB1407', 'HB1608', 'SB0480', 'SB0354']"
Jeff Reichman,Iowa,['SF83']
Jeff Shipley,Iowa,"['HF2', 'HF325']"
Jeff Tate,Mississippi,"['SB2760', 'SB2770']"
Jeff Taylor,Iowa,"['SF83', 'SF110']"
Jeff Van Drew,US,"['HB216', 'HB734', 'HB5']"
Jeff Wardlaw,Arkansas,['SB294']
Jeffery Magrum,North Dakota,['HB1332']
Jeffrey Bradley,South Carolina,['H3728']
Jeffrey McNeely,North Carolina,['H43']
Jena Powell,Ohio,"['HB68', 'HB6']"
Jenifer Jones,New Mexico,['HM57']
Jennifer Branning,Mississippi,"['SB2760', 'SB2773']"
Jennifer Gross,Ohio,"['HB68', 'HB6']"
Jennifer Henson Decker,Kentucky,"['HB470', 'HB173', 'HB177', 'HB30']"
Jenniffer Gonzalez-Colon,US,['HB734']
Jenny Graham,Washington,['HB1233']
Jeremiah Moore,Arkansas,['SB294']
Jeremy England,Mississippi,['SB2760']
Jeremy Faison,Tennessee,"['HB0001', 'HB1269', 'HB1447']"
Jeremy Haroldson,Wyoming,"['SF0159', 'SF0172', 'SF0133']"
Jerome Moon,Tennessee,"['HB0001', 'HB0009', 'HB0878']"
Jerry Carl,US,"['HB734', 'HB5']"
Jerry Darnell,Mississippi,['HB1127']
Jerry Turner,Mississippi,['HB1127']
Jesse Green,Iowa,"['SF83', 'SF110']"
Jessica Bahmuller,South Dakota,['HB1080']
Jessica Baker,Florida,['H1223']
Jessica Garvin,Oklahoma,"['HB1449', 'SB408']"
Jill Carter,Missouri,"['SB39', 'SB49', 'SB164', 'SB165', 'SB429', 'SB430', 'SB436']"
Jill Ford,Mississippi,"['HB1074', 'HB1124', 'HB509', 'HB1125']"
Jim Banks,US,"['HB1276', 'HB734', 'HR115', 'HB1064', 'HB1112', 'HB5']"
Jim Bolin,South Dakota,['HB1080']
Jim Dotson,Arkansas,"['SB294', 'SB125']"
Jim Gooch,Kentucky,"['HB470', 'HB177', 'HB30']"
Jim Hinebaugh,Maryland,['HB359']
Jim Kofalt,New Hampshire,['HB396']
Jim Mehlhaff,South Dakota,"['HB1116', 'HB1125']"
Jim Olsen,Oklahoma,"['HB2186', 'HB2177', 'HB1011']"
Jim Perry,North Carolina,['S49']
Jim Petty,Arkansas,['SB294']
Jim Stalzer,South Dakota,"['HB1125', 'HB1080']"
Jim Thomas,Ohio,['HB6']
Jim Walsh,Washington,"['HB1214', 'HB1233']"
Jimmie Gazaway,Arkansas,['HB1615']
Joan Huffman,Texas,['SB15']
Joanna King,Indiana,"['HB1569', 'SB0480', 'HB1346']"
Jody Arrington,US,['HB734']
Jody Barrett,Tennessee,"['HB0009', 'HB0239', 'HB0878', 'HB0571']"
Joe Alfieri,Idaho,['H0071']
Joe Hamm,Pennsylvania,['HB138']
Joe Hoxha,Connecticut,['HB06331']
Joe Pike,North Carolina,['H43']
Joe White,South Carolina,"['H3485', 'H3551', 'H3551']"
Joe Wilson,US,['HB5']
Joel Carter,Mississippi,['SB2760']
Joel Fry,Iowa,['HF2']
Joel McEntire,Washington,['HB1233']
Joey Carr,Arkansas,['HB1468']
Joey Fillingane,Mississippi,['SB2760']
John Albers,Georgia,"['SB140', 'SB141', 'SB88']"
John Andrews,Maine,['LD678']
John Bear,Wyoming,['SF0159']
John Block,New Mexico,"['HB394', 'HB490', 'HB492']"
John Carr,Arkansas,['SB294']
John Carter,US,['HB734']
John Catalano,New Jersey,"['A1418', 'A1630']"
John Cosgrove,Virginia,['SB911']
John Crane,Indiana,['SB0480']
John Crawford,Tennessee,['HB0001']
John Curtis,US,['HB734']
John DiMaio,New Jersey,['A1418']
John Fuller,Montana,['SB99']
John Hodgson,Kentucky,"['HB470', 'HB173', 'HB177', 'HB30', 'HB58']"
John Holsclaw,Tennessee,['HB0001']
John Johnson,Utah,['SB0283']
John Joyce,US,['HB5']
John Kavanagh,Arizona,"['SB1001', 'SB1026', 'SB1040']"
John Kennedy,Georgia,['SB140']
John Kolb,Wyoming,['SF0133']
John Kuempel,Texas,"['HB1686', 'HB23']"
John Lamar,Mississippi,['HB1126']
John Lujan,Texas,"['HB1155', 'HB1686', 'HB23', 'HB3164']"
John Maddox,Arkansas,['SB294']
John McGuire,Virginia,"['HB1387', 'HB2432']"
John Mccravy,South Carolina,"['H3728', 'H3197', 'H3485', 'H3551', 'H3551']"
John Mills,South Dakota,"['HB1116', 'HB1125', 'HB1080']"
John Moolenaar,US,['HB5']
John Payton,Arkansas,"['SB270', 'SB294']"
John Prescott,Indiana,['HB1231']
John Ragan,Tennessee,"['HB0001', 'HB0009', 'HB0030', 'HB0878', 'HB1378']"
John Raney,Texas,"['HB1686', 'HB23']"
John Rose,US,['HB734']
John Rutherford,US,['HB5']
John Schickel,Kentucky,['SB150']
John Sjaarda,South Dakota,"['HB1116', 'HB1125', 'HB1208', 'HB1080']"
John Smithee,Texas,"['HB1686', 'HB23']"
John Stevens,Tennessee,"['SB1440', 'SB0001', 'SB0003']"
John West,South Carolina,['H3728']
John Wiik,South Dakota,['HB1080']
John Winter,Wyoming,['SF0144']
Johnnie Turner,Kentucky,['SB102']
Johnny Garrett,Tennessee,"['HB0001', 'HB0030']"
Johnny Rye,Arkansas,"['SB294', 'SB43', 'HB1468']"
Jon Eubanks,Arkansas,['SB294']
Jon Hansen,South Dakota,"['HB1116', 'HB1125', 'HB1080']"
Jon Lancaster,Mississippi,"['HB1127', 'HB456']"
Jon Milligan,Arkansas,"['SB294', 'HB1468', 'HB1615']"
Jonathan Dismang,Arkansas,['SB294']
Jonathan Pinson,West Virginia,['HB2923']
Jordan Maynor,West Virginia,['HB2007']
Jordan Pace,South Carolina,"['H3197', 'H3485', 'H3551', 'H3551', 'H3565', 'H3616']"
Jordan Redman,Idaho,['H0071']
Joseph Bustos,South Carolina,['H3197']
Joseph Chaplik,Arizona,['HB2711']
Joseph D'Orsie,Pennsylvania,['HB138']
Joseph Fox,Michigan,"['HB4195', 'HB4257']"
Joseph Hensley,Tennessee,"['SB0001', 'SB0003', 'SB0603', 'SB0841', 'SB1237', 'SB1339']"
Joseph Pennacchio,New Jersey,['S585']
Joseph Seymour,Mississippi,"['SB2760', 'SB2765']"
Josh Bonner,Georgia,"['SB140', 'HB653']"
Josh Calloway,Kentucky,"['HB470', 'HB173', 'HB177', 'HB30', 'HB58']"
Josh Hawley,US,['SB457']
Josh Miller,Arkansas,['HB1156']
Josh Williams,Ohio,['HB68']
Joshua Branscum,Kentucky,['HB177']
Joshua Bryant,Arkansas,"['SB294', 'SB43']"
Joshua Kimbrell,South Carolina,"['S0234', 'S0243', 'S0623']"
Joshua Meggers,Iowa,['HF2']
Joyce Krawiec,North Carolina,['S49']
Juan Ciscomani,US,['HB734']
Judiciary,Idaho,['H0071']
Judiciary,Iowa,"['HF622', 'HF623']"
Judy Aron,New Hampshire,['HB396']
Judy Estenson,North Dakota,"['HB1249', 'HB1254', 'HB1333', 'HB1489']"
Julia Letlow,US,['HB5']
Julian Garrett,Iowa,['SF83']
Julianne Young,Idaho,['H0071']
Julie Auch,South Dakota,"['HB1116', 'HB1125', 'HB1080']"
Julie Daniels,Oklahoma,"['HB2546', 'SB408', 'SB613', 'SB614']"
Julie Frye-Mueller,South Dakota,"['HB1116', 'HB1125', 'HB1208', 'HCR6008', 'HB1080']"
Julie McGuire,Indiana,['HB1589']
Julie Pazina,Nevada,['SB302']
Justin Boyd,Arkansas,['SB294']
Justin Gonzales,Arkansas,['SB294']
Justin Heap,Arizona,['SB1694']
Justin Holland,Texas,"['HB1686', 'HB23']"
Justin Lafferty,Tennessee,['HB0571']
Justin Pearson,Tennessee,['HB1339']
Justin Sparks,Missouri,"['HB1332', 'HB1333', 'HB540']"
Justine Wadsack,Arizona,"['SB1694', 'SB1700', 'HB2312', 'SB1698', 'SB1702']"
Karen Anderson,North Dakota,"['SB2199', 'SB2199', 'HCR3010']"
Karen Greenhalgh,Virginia,['HB1387']
Karen Karls,North Dakota,['SB2231']
Karen Rohr,North Dakota,"['HB1332', 'HB1254', 'HB1297', 'HCR3010']"
Karilyn Brown,Arkansas,"['HB1156', 'SB294']"
Karla Eslinger,Missouri,"['SB39', 'SB49']"
Karla Lems,South Dakota,"['HB1116', 'HB1125', 'HB1080']"
Kat Cammack,US,"['HB734', 'HB5']"
Katherine Prudhomme-O'Brien,New Hampshire,['HB396']
Kathie Crouse,West Virginia,['HB3097']
Kathleen Kauth,Nebraska,"['LB574', 'LB575', 'LB743']"
Kathy Byron,Virginia,['HB1387']
Kathy Chism,Mississippi,"['SB2760', 'SB2765', 'SB2861', 'SB2864']"
Kathy Frelich,North Dakota,['HB1333']
Kathy Landing,South Carolina,"['H3728', 'H3197', 'H3551', 'H3551']"
Kathy Szeliga,Maryland,['HB359']
Katie Boyd Britt,US,['SR53']
Katrina Smith,Maine,['LD678']
Katy Hall,Utah,['SB0016']
Kay Kirkpatrick,Georgia,['SB140']
Keith Ammon,New Hampshire,['HB396']
Keith Bell,Texas,"['HB1686', 'HB23']"
Keith Boehm,North Dakota,"['HB1301', 'HB1249', 'HB1254', 'HB1297', 'HB1474']"
Keith Brooks,Arkansas,['SB294']
Keith Kidwell,North Carolina,['H43']
Keith Murphy,New Hampshire,['SB272']
Keith Perry,Florida,"['S0254', 'S1320', 'S1674']"
Keith Self,US,['HB734']
Kelby Timmons,North Dakota,"['HB1526', 'HB1522']"
Kelly Hancock,Texas,['SB15']
Kelly Keisling,Tennessee,"['HB0001', 'HB0009', 'HB0030']"
Ken Buck,US,['HB734']
Ken Calvert,US,['HB5']
Ken Fontenot,North Carolina,['H43']
Ken King,Texas,"['HB1686', 'HB23']"
Ken Morgan,Mississippi,['HB1127']
Ken Pendergraft,Wyoming,"['HB0234', 'SF0172']"
Ken Rozenboom,Iowa,['SF83']
Ken Upchurch,Kentucky,['HB470']
Ken Yager,Tennessee,"['SB0001', 'SB0003']"
Kendon Underwood,Arkansas,"['SB294', 'HB1615']"
Kenneth Davis,Maine,['LD678']
Kenny Wroten,Idaho,['H0071']
Kent Weston,North Dakota,"['SB2199', 'SB2199', 'HB1522']"
Kerry Roberts,Tennessee,"['SB1440', 'SB0003']"
Kevin Alons,Iowa,"['SF83', 'SF110']"
Kevin Andrus,Idaho,['H0071']
Kevin Avard,New Hampshire,"['HB396', 'SB272']"
Kevin Blackwell,Mississippi,['SB2760']
Kevin Crutchfield,North Carolina,['H43']
Kevin Ford,Mississippi,['HB1127']
Kevin Hern,US,"['HR115', 'HB1399', 'HB5']"
Kevin Hornberger,Maryland,['HB359']
Kevin Jackson,Kentucky,['HB30']
Kevin Jensen,South Dakota,"['HB1116', 'HB1125', 'HB1080']"
Kevin Mannix,Oregon,['SB897']
Kevin McDugle,Oklahoma,['HB2186']
Kevin Miller,Ohio,"['HB68', 'HB6']"
Kevin Raper,Tennessee,"['HB0001', 'HB0009']"
Kevin Sparks,Texas,['SB15']
Kevin Verville,New Hampshire,['HB619']
Kevin West,Oklahoma,"['HB2186', 'SB129', 'HB2177']"
Kim Hammer,Arkansas,"['SB294', 'SB43']"
Kim King,Kentucky,['HB470']
Kim Thatcher,Oregon,['SB897']
Kimberly Wallan,Oregon,['HB2477']
Kip Capley,Tennessee,"['HB0001', 'HB0009', 'HB0239', 'HB0030', 'HB0878', 'HB0571']"
Kirk Haston,Tennessee,"['HB0001', 'HB0009']"
Kris Jordan,Ohio,"['HB68', 'HB6']"
Kristin Robbins,Minnesota,['HF551']
Kronda Thimesch,Texas,"['HB1686', 'HB23', 'HB3164']"
Kyle Kacal,Texas,"['HB1686', 'HB23']"
Lacey Hull,Texas,"['HB1155', 'HB1686', 'HB23', 'HB3164']"
Lance Clow,Idaho,['H0071']
Lance Gooden,US,"['HB734', 'HB1399', 'HB5']"
Lane Allred,Wyoming,"['SF0117', 'SF0133']"
Larry Bellew,North Dakota,"['HB1254', 'HB1473']"
Larry Bucshon,US,['HB5']
Larry Hicks,Wyoming,['SF0172']
Larry Kump,West Virginia,['HB3176']
Larry Luick,North Dakota,"['HB1254', 'SB2231']"
Larry Walker,Georgia,['SB140']
Larry Zikmund,South Dakota,['HB1080']
Laurel Lee,US,['HB5']
Lauren Arikan,Maryland,['HB359']
Lauren Boebert,US,"['HB734', 'HB1112', 'HB5', 'HB985']"
Lawrence Grooms,South Carolina,"['S0234', 'S0424']"
Lawrence Klemin,North Dakota,['HB1333']
Lee Anderson,Georgia,"['SB140', 'SB141', 'SB88']"
Lee Johnson,Arkansas,['SB294']
Lester Carpenter,Mississippi,['HB1127']
Lily Morgan,Oregon,['SB897']
Linda Rogers,Indiana,['SB0480']
Lindsay Patterson,Indiana,['HB1407']
Lindsey Graham,US,['SB200']
Lindsey Tichenor,Kentucky,"['SB115', 'SB150', 'SB102']"
Lisa Barnes,North Carolina,['S49']
Lisa Frizell,Colorado,['HB1098']
Lisa Keim,Maine,['LD678']
Lisa McClain,US,['HB736']
Lisa Meier,North Dakota,"['HB1249', 'HB1489', 'HCR3010']"
Liz Harris,Arizona,['HB2312']
Lloyd Smucker,US,['HB5']
Lois Kolkhorst,Texas,"['SB476', 'SB625', 'SB649', 'SB14', 'SB15']"
Lori Chavez-DeRemer,US,"['HB734', 'HB5']"
Lori VanWinkle,North Dakota,"['HB1301', 'HB1249', 'HB1254', 'HB1297', 'HB1333', 'HB1473', 'HB1489', 'HB1522', 'HCR3010']"
Lorissa Sweet,Indiana,['HB1118']
Lowell Russell,Tennessee,['HB0571']
Luke Meerman,Michigan,['HB4257']
Lupe Diaz,Arizona,['HB2312']
Lydia Chassaniol,Mississippi,['SB2760']
Lynn Evans,Iowa,"['SF83', 'SF110']"
Lynn Findley,Oregon,"['SB452', 'SB453', 'SB897']"
Lynn Hutchings,Wyoming,"['SF0144', 'SF0159', 'SF0172', 'SF0133']"
Lynn Stucky,Texas,"['HB1686', 'HB23']"
Mano DeAyala,Texas,"['HB1686', 'HB23']"
Marco Rubio,US,"['SB187', 'SB200', 'SB435', 'SB635', 'SR53']"
Marcus Molinaro,US,['HB5']
Marcus Richmond,Arkansas,"['SB294', 'HB1468', 'HB1615']"
Marianne Proctor,Kentucky,"['HB470', 'HB173', 'HB177', 'HB30', 'HB58']"
Mariannette Miller-Meeks,US,"['HB734', 'HB5']"
Marie March,Virginia,"['HB1387', 'HB1399', 'HB2432']"
Marilyn John,Ohio,['HB68']
Marilyn Stark,Oklahoma,['HB1449']
Mario Diaz-Balart,US,['HB5']
Marjorie Greene,US,"['HB1399', 'HB5']"
Mark Amodei,US,['HB5']
Mark Cochran,Tennessee,"['HB0001', 'HB0009', 'HB1269', 'HB0030']"
Mark Dorazio,Texas,"['HB1155', 'HB1686', 'HB23', 'HB3164', 'HB888']"
Mark Duncan,New Mexico,"['HB394', 'HB492']"
Mark Fisher,Maryland,['HB359']
Mark Green,US,"['HB734', 'HB5']"
Mark Hart,Kentucky,"['HB173', 'HB177']"
Mark Higley,Vermont,['H0183']
Mark Jennings,Wyoming,"['HB0234', 'SF0111', 'SF0159', 'SF0172', 'SF0133']"
Mark Johnson,Arkansas,"['SB270', 'SB294', 'HB1468']"
Mark Johnson,Ohio,"['HB68', 'HB6']"
Mark Lepak,Oklahoma,"['HB2546', 'HB2340']"
Mark Lofgren,Iowa,['SF83']
Mark Maynard,West Virginia,"['SB103', 'SB252', 'SB517', 'SB692', 'SB697']"
Mark McBride,Oklahoma,['HB2546']
Mark Messmer,Indiana,['SB0480']
Mark Newton,Georgia,['HB653']
Mark Peake,Virginia,"['SB960', 'SB962']"
Mark Pearson,New Hampshire,['HB396']
Mark Pody,Tennessee,"['SB0003', 'SB0596', 'SB0620']"
Mark Ross,West Virginia,['HB3183']
Mark Steffen,Kansas,['SB12']
Mark Tullos,Mississippi,['HB1125']
Mark White,Tennessee,"['HB0001', 'HB0571']"
Mark Willis,South Carolina,"['H3728', 'H3485', 'H3551', 'H3551']"
Markwayne Mullin,US,['SB635']
Marsha Blackburn,US,['SB435']
Martha Lawley,Wyoming,"['SF0111', 'SF0133']"
Martin Carbaugh,Indiana,['HB1346']
Martin Graber,Iowa,['HF2']
Marty Harbin,Georgia,"['SB140', 'SB141', 'SB88']"
Marty Overweg,South Dakota,"['HB1116', 'HB1125', 'HB1080']"
Marvin Smith,South Carolina,"['H3197', 'H3485', 'H3551', 'H3551', 'H3827']"
Mary Bentley,Arkansas,"['HB1156', 'SB199', 'SB294', 'SB43', 'HB1468', 'HB1615']"
Mary Coleman,Missouri,"['SB39', 'SB49', 'SB377']"
Mary Imes,Kentucky,"['HB470', 'HB177']"
Mary Littleton,Tennessee,['HB0001']
Mary Miller,US,"['HB734', 'HB736', 'HR115', 'HB1112', 'HB1399', 'HB5']"
Matt Brass,Georgia,"['SB140', 'SB141', 'SB88']"
Matt Brown,Arkansas,['SB294']
Matt Duffield,Arkansas,['SB294']
Matt Gaetz,US,"['HB429', 'HB734', 'HB985']"
Matt Lockett,Kentucky,"['HB470', 'HB173', 'HB177']"
Matt McKee,Arkansas,"['SB294', 'SB43']"
Matt Morgan,Maryland,['HB359']
Matt Rosendale,US,['HB1399']
Matt Schaefer,Texas,"['HB1155', 'HB1686', 'HB23', 'HB2722']"
Matt Stone,Arkansas,"['SB270', 'SB294', 'SB43']"
Matt Windschitl,Iowa,['HF2']
Matthew Heilman,North Dakota,['SB2260']
Matthew Leber,South Carolina,"['H3728', 'H3197', 'H3485', 'H3551', 'H3551', 'H3616']"
Matthew Ruby,North Dakota,"['HB1301', 'HB1332', 'HB1297']"
Matthew Shaheen,Texas,"['HB1155', 'HB1686', 'HB23', 'HB708', 'HB888']"
Matthew Shepherd,Arkansas,['SB294']
Max Burns,Georgia,['SB141']
Max Miller,US,"['HB734', 'HB5']"
Mayes Middleton,Texas,"['SB162', 'SB649', 'SB14', 'SB15']"
Mazzie Boyd,Missouri,"['HB463', 'HB498']"
Melanie Miller,Ohio,"['HB68', 'HB6']"
Melanie Scheible,Nevada,['SB302']
Melanie Sojourner,Mississippi,"['SB2760', 'SB2861', 'SB2864']"
Melissa Oremus,South Carolina,"['H3197', 'H3485', 'H3551', 'H3551']"
Michael Burgess,US,['HB5']
Michael Doherty,New Jersey,['S585']
Michael Gambrell,South Carolina,['S0332']
Michael Griffith,Maryland,['HB359']
Michael Guest,US,"['HB734', 'HR115', 'HB5']"
Michael Hale,Tennessee,['HB0001']
Michael Hornby,West Virginia,['HB3503']
Michael Kennedy,Utah,['SB0016']
Michael Lawler,US,['HB5']
Michael Lazzara,North Carolina,['S49']
Michael Lee,North Carolina,['S49']
Michael McCaul,US,['HB5']
Michael McLendon,Mississippi,['SB2760']
Michael Motschenbacher,North Dakota,['HB1333']
Michael Petersen,Utah,"['SB0283', 'HB0228']"
Michael Pollock,Kentucky,"['HB177', 'HB30']"
Michael Soboleski,Maine,['LD678']
Michael Testa,New Jersey,"['S585', 'S589']"
Michael Waltz,US,"['HB734', 'HB5']"
Michael Young,Indiana,['SB0480']
Micheal Bergstrom,Oklahoma,"['SB408', 'SB613', 'SB866']"
Michele Carringer,Tennessee,"['HB0001', 'HB0571']"
Michelle Davis,Indiana,"['HB1608', 'SB0480', 'HB1220', 'HB1232']"
Michelle Fischbach,US,['HB5']
Michelle Salzman,Florida,"['H1069', 'H1069']"
Michelle Steel,US,['HB5']
Michelle Strinden,North Dakota,['HB1139']
Mike Azinger,West Virginia,"['SB252', 'SB253', 'SB278', 'SB697']"
Mike Beltran,Florida,['H0991']
Mike Bost,US,"['HB734', 'HB5']"
Mike Braun,US,"['SB435', 'SB635']"
Mike Carey,US,['HB5']
Mike Cierpiot,Missouri,['SB14']
Mike Crapo,US,['SB200']
Mike Devault,West Virginia,"['HB2007', 'HB3176']"
Mike Dwyer,North Dakota,['HB1301']
Mike Ezell,US,"['HB734', 'HB5']"
Mike Garcia,US,['HB5']
Mike Gaskill,Indiana,['SB0480']
Mike Hoadley,Michigan,['HB4257']
Mike Johnson,US,"['HB1276', 'HB734', 'HB5']"
Mike Kelly,US,['HB5']
Mike Kingsley,Idaho,['H0071']
Mike Lee,US,['SR53']
Mike Lefor,North Dakota,['HB1205']
Mike Moon,Missouri,"['SB134', 'SB39', 'SB49', 'SB48']"
Mike Sparks,Tennessee,"['HB0001', 'HB0009', 'HB0571']"
Mike Stuart,West Virginia,['SB697']
Mike Thompson,Kansas,['SB12']
Mike Thompson,Mississippi,['SB2760']
Mike Volz,Washington,['HB1233']
Mike Vondran,Iowa,['HF2']
Mike Wilson,Kentucky,"['SB115', 'SB150']"
Mike Wobbema,North Dakota,"['HB1489', 'SB2260']"
Mindy McAlindon,Arkansas,"['HB1156', 'SB294', 'SB43', 'HB1468']"
Missy Irvin,Arkansas,"['SB270', 'SB294']"
Monica De La Cruz,US,['HB734']
Monica Robb Blasdel,Ohio,['HB68']
Monty Fritts,Tennessee,"['HB0001', 'HB0009', 'HB0030', 'HB0878', 'HB1378']"
Morgan Griffith,US,['HB734']
Morgan Meyer,Texas,"['HB1686', 'HB23']"
Myron Dossett,Kentucky,['HB177']
Nancy Mace,US,"['HB734', 'HB5']"
Nancy Tate,Kentucky,"['HB470', 'HB173', 'HB177', 'HB30', 'HB58']"
Natalie Zeleznikar,Minnesota,['HF551']
Nate Schatzline,Texas,"['HB1155', 'HB1266', 'HB1532', 'HB1686', 'HB23', 'HB4534']"
Nathan Dahm,Oklahoma,"['SB613', 'SB250', 'SB251', 'SB252']"
Nathan Toman,North Dakota,['HB1332']
Nathaniel Moran,US,"['HB736', 'HB5']"
Neal Dunn,US,"['HB734', 'HB736']"
Neal Pinnow,South Dakota,['HB1080']
Neil Friske,Michigan,['HB4257']
Neil Whaley,Mississippi,['SB2760']
Nicholas Freitas,Virginia,['HB1387']
Nicholas Langworthy,US,['HB5']
Nicholaus Kipke,Maryland,['HB359']
Nick Bain,Mississippi,['HB1125']
Nick LaLota,US,['HB734']
Nick Santucci,Ohio,['HB6']
Nick Schroer,Missouri,['SB49']
Nico Rios,North Dakota,['HB1526']
Nicole Malliotakis,US,['HB5']
Nikki McCarter,New Hampshire,['HB619']
Nino Mangione,Maryland,['HB359']
Norlin Mommsen,Iowa,['HF2']
Norman Sanderson,North Carolina,['S49']
Ogden Driskill,Wyoming,"['SF0159', 'SF0172']"
Pat Grassley,Iowa,['HF2']
Pat Marsh,Tennessee,['HB0001']
Pat McGeehan,West Virginia,['HB3503']
Patricia Rucker,West Virginia,['SB517']
Patricia Spearman,Nevada,['SB302']
Patrick Fallon,US,"['HB734', 'HB5']"
Patrick Flannery,Kentucky,"['HB470', 'HB177']"
Patrick Haddon,South Carolina,"['H3728', 'H3197', 'H3485', 'H3551', 'H3551']"
Patti Anderson,Minnesota,['HF551']
Paul Bailey,Tennessee,"['SB0001', 'SB0003']"
Paul Bettencourt,Texas,"['SB249', 'SB14', 'SB15']"
Paul Gosar,US,"['HB429', 'HB734', 'HB1399']"
Paul Newton,North Carolina,['S49']
Paul Novotny,Minnesota,['HF551']
Paul Rose,Tennessee,"['SB0001', 'SB0003', 'SB0466']"
Paul Schemel,Pennsylvania,['HB138']
Paul Sherrell,Tennessee,"['HB0001', 'HB0009', 'HB0030']"
Peggy Mayfield,Indiana,['HB1569']
Peggy Scott,Minnesota,['HF551']
Pepper Ottman,Wyoming,"['HB0234', 'SF0111', 'SF0172', 'SF0133']"
Pete Stauber,US,"['HB734', 'HB5']"
Peter Flores,Texas,['SB15']
Phil Jensen,South Dakota,"['HB1116', 'HB1125', 'HB1208', 'HCR6008', 'HB1080']"
Phil King,Texas,"['SB649', 'SB14', 'SB15']"
Phil Plummer,Ohio,"['HB68', 'HB6']"
Philip Gunn,Mississippi,"['HB1489', 'HB1125']"
Philip Moran,Mississippi,['SB2760']
Phillip Lowe,South Carolina,['H3728']
Phillip Scott,Virginia,"['HB1387', 'HB1707']"
Phillip Wheeler,Kentucky,"['SB115', 'SB150']"
Price Wallace,Mississippi,['HB1127']
Public Health and Welfare,Kansas,['SB180']
RJ Hawk,Arkansas,['SB294']
Rachel Jones,Arizona,"['SB1694', 'SB1700', 'HB2312', 'SB1698', 'SB1702']"
Rachel Plakon,Florida,"['H1421', 'H1521']"
Rachel Rodriguez-Williams,Wyoming,"['SF0159', 'SF0133']"
Rachelle Smit,Michigan,['HB4257']
Ralph Hise,North Carolina,['S49']
Ralph Massullo,Florida,"['H1069', 'H1069', 'H1421']"
Ralph Norman,US,"['HB1276', 'HB429', 'HR115', 'HB1399', 'HB5']"
Randall Patterson,Mississippi,['HB1125']
Randy Boyd,Mississippi,['HB1127']
Randy Bridges,Kentucky,"['HB470', 'HB177', 'HB30']"
Randy Feenstra,US,"['HB734', 'HB5']"
Randy Fine,Florida,"['H1223', 'H1421']"
Randy Gross,South Dakota,"['HB1116', 'HB1125', 'HB1080']"
Randy Lemm,North Dakota,['SB2260']
Randy Ligon,South Carolina,['H3485']
Randy McNally,Tennessee,['SB1339']
Randy Robertson,Georgia,"['SB141', 'SB88']"
Randy Smith,West Virginia,['SB697']
Randy Weber,US,"['HB429', 'HB734', 'HR115', 'HB1399']"
Raye Felder,South Carolina,['H3728']
Raymond Crews,Louisiana,['HB81']
Reagan Paul,Maine,['LD678']
Rebecca Alexander,Tennessee,['HB0001']
Rebecca Burkes,Arkansas,['SB294']
Rebecca Raymer,Kentucky,"['HB470', 'HB177']"
Rebecca Reimer,South Dakota,['HB1080']
Reggie Smith,Texas,"['HB1155', 'HB1686', 'HB23', 'HB3164']"
Reggie Stoltzfus,Ohio,"['HB68', 'HB6']"
Regina Birdsell,New Hampshire,['SB272']
Reuben Tarver,Wyoming,['SF0172']
Rex Rice,South Carolina,"['S0234', 'S0424']"
Rex Shipp,Utah,['HB0132']
Ric Metzgar,Maryland,['HB359']
Richard Hayes,Texas,"['HB1686', 'HB23', 'HB3164']"
Richard Heath,Kentucky,"['HB470', 'HB177', 'HB30']"
Richard Hudson,US,"['HB734', 'HB5']"
Richard McCormick,US,"['HB734', 'HB1399']"
Richard McGrew,Arkansas,['SB294']
Richard White,Kentucky,"['HB177', 'HB30']"
Richard Womack,Arkansas,['SB294']
Richard Yow,South Carolina,['H3485']
Rick Allen,US,"['HB736', 'HB5']"
Rick Beck,Arkansas,"['SB294', 'SB125']"
Rick Brattin,Missouri,"['SB39', 'SB49', 'SB390', 'SB42', 'SB598']"
Rick Eldridge,Tennessee,"['HB0001', 'HB0009', 'HB0571']"
Rick Girdler,Kentucky,"['SB150', 'SB102']"
Rick Hillenbrand,West Virginia,['HB3097']
Rick Jasperse,Georgia,['HB653']
Rick Lewis,Oregon,['SB897']
Rick McClure,Arkansas,"['SB294', 'HB1468']"
Rick Niemeyer,Indiana,['SB0480']
Rick Scott,US,['SB200']
Ricky Hill,Arkansas,"['SB294', 'SB43']"
Ricky Williams,Georgia,['SB140']
Riley Keaton,West Virginia,"['HB3097', 'HB3503']"
Riordan McClain,Ohio,['HB68']
Rob Harris,South Carolina,"['H3728', 'H3197', 'H3485', 'H3551', 'H3551', 'H3616']"
Rob Standridge,Oklahoma,"['SB613', 'SB786', 'SB787', 'SB788', 'SB789']"
Robby Robbins,South Carolina,['H3197']
Robert Aderholt,US,"['HB734', 'HR115', 'HB5']"
Robert Auth,New Jersey,"['A1418', 'A1630']"
Robert Duvall,Kentucky,['HB30']
Robert Good,US,"['HB734', 'HB1399']"
Robert Heaton,Indiana,"['HB1407', 'HB1608']"
Robert Henderson,Iowa,['HF2']
Robert Ide,Wyoming,"['SF0144', 'SF0172']"
Robert Karnes,West Virginia,"['SB103', 'SB253', 'SB697']"
Robert Kauffman,Pennsylvania,['HB138']
Robert Leadbeter,Pennsylvania,['HB138']
Robert May,South Carolina,"['H3485', 'H3551', 'H3551']"
Robert Mills,Kentucky,"['SB150', 'SB102']"
Robert Nichols,Texas,['SB15']
Robert Orrock,Virginia,['HB1707']
Robert Sampson,Connecticut,"['SB00467', 'SB00468', 'SB00544']"
Robert Wittman,US,"['HB734', 'HB5']"
Robin Grammer,Maryland,['HB359']
Robin Lundstrum,Arkansas,"['HB1156', 'SB294', 'SB43', 'HB1468', 'HB1615']"
Rochelle Nguyen,Nevada,['SB302']
Rocky De Witt,Iowa,"['SF83', 'SF110']"
Rod Bockenfeld,Colorado,['HB1092']
Rodney Creech,Ohio,"['HB68', 'HB6']"
Rodney Montoya,New Mexico,"['HB394', 'HB490', 'HB492', 'HM57']"
Roger Lynch,Arkansas,['SB294']
Roger Nutt,South Carolina,"['H3197', 'H3485', 'H3551', 'H3551']"
Roger Williams,US,['HB5']
Rollan Roberts,West Virginia,['SB103']
Ron Estes,US,"['HB734', 'HB5']"
Ron Ferguson,Ohio,['HB68']
Ron Gant,Tennessee,"['HB0001', 'HB0009']"
Ron Weinberg,Colorado,['HB1098']
Ronald Caldwell,Arkansas,['SB43']
Ronnie Campbell,Virginia,['HB1387']
Ronny Jackson,US,"['HR115', 'HB5']"
Roy Klopfenstein,Ohio,"['HB68', 'HB6']"
Roy Magnuson,South Carolina,"['H3728', 'H3197', 'H3485', 'H3551', 'H3551', 'H3616']"
Rudolph Yakym III,US,['HB734']
Rules,Alaska,"['SB96', 'HB105']"
Rules and Administration Committee,Idaho,['H0071']
Rush Bricken,Tennessee,['HB0001']
Russ Goodman,Georgia,['SB140']
Russell Webber,Kentucky,"['HB470', 'HB177', 'HB30']"
Rusty Black,Missouri,"['SB39', 'SB49']"
Rusty Crowe,Tennessee,"['SB0001', 'SB0003']"
Rusty Grills,Tennessee,"['HB0001', 'HB0009', 'HB0239', 'HB0030', 'HB0571']"
Ruth Ward,New Hampshire,['SB272']
Ryan Armagost,Colorado,['HB1098']
Ryan Berger,Wyoming,['SF0133']
Ryan Dotson,Kentucky,"['HB470', 'HB120', 'HB173', 'HB177', 'HB30']"
Ryan Guillen,Texas,"['HB1686', 'HB23']"
Ryan Lauer,Indiana,"['HB1231', 'HB1232']"
Ryan Nawrocki,Maryland,['HB359']
Ryan Rose,Arkansas,"['HB1156', 'SB294', 'SB43', 'HB1468']"
Ryan Williams,Tennessee,"['HB0001', 'HB0009', 'HB0030']"
Ryan Zinke,US,"['HB1112', 'HB5']"
Sabi Kumar,Tennessee,"['HB0001', 'HB0239']"
Sam Creekmore,Mississippi,['HB1127']
Sam Harless,Texas,"['HB1686', 'HB23']"
Sam Watson,Georgia,"['SB140', 'SB141']"
Sandy Crawford,Missouri,['SB49']
Sandy Salmon,Iowa,"['SF159', 'SF83', 'SF110', 'SF129', 'SF348']"
Sara Carruthers,Ohio,['HB8']
Sarah Fowler Arthur,Ohio,['HB68']
Sarah Penn,Wyoming,['HB0234']
Savannah Maddox,Kentucky,"['HB120', 'HB177', 'HB58']"
Scott Alexander,Indiana,['SB0480']
Scott Cepicky,Tennessee,"['HB0001', 'HB0009', 'HB1215', 'HB0878']"
Scott DeLano,Mississippi,['SB2760']
Scott DesJarlais,US,"['HB734', 'HB5']"
Scott Dyk,North Dakota,"['HB1301', 'HB1526', 'HB1522', 'SB2260']"
Scott Fitzgerald,US,"['HB734', 'HB5']"
Scott Flippo,Arkansas,"['SB294', 'SB43']"
Scott Franklin,US,['HB5']
Scott Heiner,Wyoming,"['SF0111', 'SF0144', 'SF0159']"
Scott Louser,North Dakota,"['HB1249', 'HB1489']"
Scott Meyer,North Dakota,['SB2231']
Scott Moore,South Dakota,"['HB1116', 'HB1125', 'HB1080']"
Scott Odenbach,South Dakota,"['HB1116', 'HB1125', 'HB1080']"
Scott Richardson,Arkansas,"['SB294', 'SB43']"
Scott Sharp,Kentucky,"['HB470', 'HB177', 'HB30']"
Scott Smith,Wyoming,['HB0234']
Scott Wiggam,Ohio,"['HB68', 'HB6']"
Scotty Campbell,Tennessee,"['HB0001', 'HB0009']"
Sean Bennett,South Carolina,['S0234']
Sean Kean,New Jersey,['A3883']
Shane Baker,Kentucky,"['HB470', 'HB173', 'HB177', 'HB30']"
Shane Hudella,Minnesota,['HF551']
Shane Jett,Oklahoma,"['HB2186', 'SB129', 'SB408', 'HB2177', 'SB613', 'SB1004', 'SB1007', 'SB1017', 'SB878', 'SB887', 'SB932', 'SB937', 'SB973']"
Shane Mekeland,Minnesota,['HF551']
Shane Reeves,Tennessee,"['SB0001', 'SB0003']"
Shane Sirois,New Hampshire,['HB396']
Sharon Carson,New Hampshire,['SB272']
Shawn McPherson,Kentucky,"['HB470', 'HB177', 'HB30']"
Shawn Still,Georgia,"['SB140', 'SB141', 'SB88']"
Shawn Vedaa,North Dakota,"['HB1301', 'SB2199', 'SB2199', 'HB1254']"
Sheila Seidel,New Hampshire,"['HB396', 'HB619']"
Shelby Slawson,Texas,"['HB1155', 'HB1686', 'HB23', 'HB3164', 'HB888']"
Shelley Frommeyer,Kentucky,"['SB150', 'SB102', 'SB145']"
Shelly Boshart Davis,Oregon,['SB897']
Shelly Echols,Georgia,['SB141']
Sherrie Conley,Oklahoma,"['HB1449', 'HB2177']"
Skyler Wheeler,Iowa,['HF2']
Sonia Eubanks Barker,Arkansas,"['HB1156', 'SB294', 'SB43']"
Sonny Borrelli,Arizona,['SB1694']
Spencer Roach,Florida,['H1223']
Stacey Donato,Indiana,"['HB1407', 'HB1569', 'HB1608', 'SB0480', 'SB0487']"
Stacey Hobgood-Wilkes,Mississippi,"['HB1144', 'HB1476', 'HB576']"
Stacy Jones,Wyoming,['SF0133']
Stan Gerdes,Texas,"['HB1155', 'HB1686', 'HB23', 'HB3164']"
Stan Kitzman,Texas,"['HB1155', 'HB1686', 'HB23', 'HB3164']"
Stan Lambert,Texas,['HB1686']
Stan McClain,Florida,"['H1069', 'H1069']"
State Affairs Committee,Idaho,"['S1016', 'S1003']"
Stephanie Bice,US,['HB5']
Stephanie Gricius,Utah,['SB0100']
Stephanie Klick,Texas,"['HB1686', 'HB23']"
Stephen Allison,Texas,"['HB1686', 'HB23']"
Stephen Meeks,Arkansas,['SB294']
Stephen Meredith,Kentucky,['SB150']
Stephenie Scialabba,Pennsylvania,['HB138']
Stetson Painter,Arkansas,['SB294']
Steve Bratcher,Kentucky,"['HB470', 'HB177']"
Steve Carra,Michigan,"['HB4195', 'HB4257']"
Steve Crowell,Arkansas,['SB294']
Steve Daines,US,"['SB187', 'SB635']"
Steve Demetriou,Ohio,"['HB68', 'HB6']"
Steve Gooch,Georgia,['SB141']
Steve Green,Minnesota,['SF311']
Steve Harshman,Wyoming,['SF0133']
Steve Hollowell,Arkansas,['SB294']
Steve Hopkins,Mississippi,['HB1125']
Steve Jarvis,North Carolina,['S49']
Steve Massengill,Mississippi,['HB456']
Steve Rawlings,Kentucky,"['HB470', 'HB173', 'HB177', 'HB30', 'HB58']"
Steve Scalise,US,['HB5']
Steve Toth,Texas,"['HB1155', 'HB122', 'HB1541', 'HB1686', 'HB1752', 'HB1952', 'HB23', 'HB3164', 'HB41', 'HB631', 'HB5236', 'HB5256', 'HB4378', 'HB5235']"
Steve Tyson,North Carolina,['H43']
Steve Unger,Arkansas,"['SB294', 'HB1615']"
Steven Arentz,Maryland,['HB359']
Steven Bradley,Iowa,['HF2']
Steven Doan,Kentucky,"['HB173', 'HB177', 'HB30']"
Steven Holt,Iowa,['HF2']
Steven Long,South Carolina,"['H3728', 'H3485', 'H3551', 'H3551']"
Steven Oroho,New Jersey,"['S585', 'S589']"
Steven Rudy,Kentucky,['HB470']
Stewart Jones,South Carolina,"['H3728', 'H3197', 'H3485', 'H3551', 'H3551', 'H3616', 'H3730']"
Stuart Schmidt,Maryland,['HB359']
SuAnn Olson,North Dakota,"['HB1139', 'HB1473', 'HB1474', 'HB1489', 'HCR3010']"
Sue Lucas-Peterson,South Dakota,['HB1080']
Susan Lynn,Tennessee,"['HB0001', 'HB0009', 'HB0030', 'HB0878']"
Susan Manchester,Ohio,"['HB68', 'HB6']"
Susan McComas,Maryland,['HB359']
Susan Tyler Witten,Kentucky,"['HB173', 'HB177']"
Sylleste Davis,South Carolina,"['H3197', 'H3551', 'H3551', 'H3827']"
Tamara Trujillo,Wyoming,['SF0133']
Tammy Nichols,Idaho,['H0071']
Tammy Schmersal-Burgess,Maine,['LD678']
Tammy Townley,Oklahoma,['HB1449']
Tan Parker,Texas,"['SB1029', 'SB249', 'SB250', 'SB625', 'SB14', 'SB15']"
Tandy Darby,Tennessee,['HB0001']
Tara Durant,Virginia,"['HB1387', 'HB1707', 'HB2432']"
Taylor Collins,Iowa,['HF2']
Taylor Yarkosky,Florida,['H1265']
Ted Alexander,North Carolina,['S49']
Ted Budd,US,['SB435']
Ted Cruz,US,"['SB457', 'SB635', 'SR53']"
Teresa Reilly,Maryland,['HB359']
Terri Leo-Wilson,Texas,"['HB1155', 'HB122', 'HB1541', 'HB1686', 'HB1752', 'HB23', 'HB3164', 'HB319', 'HB631', 'HB888']"
Terri Williams,Vermont,['H0183']
Terry Baker,Maryland,['HB359']
Terry O'Donnell,Oklahoma,"['HB2546', 'HB1011']"
Terry Rice,Arkansas,['SB43']
Terry Roy,New Hampshire,['HB619']
Terry Wilson,Texas,"['HB122', 'HB1686', 'HB1752', 'HB23', 'HB3164', 'HB319', 'HB41']"
Thaddeus Claggett,Ohio,['HB68']
Theresa Manzella,Montana,['SB337']
Thomas Beach,South Carolina,"['H3197', 'H3485', 'H3551', 'H3551', 'H3611', 'H3616', 'H3730']"
Thomas Davis,South Carolina,"['S0234', 'S0424']"
Thomas Gerhold,Iowa,['HF2']
Thomas Hall,Ohio,"['HB68', 'HB6']"
Thomas Huff,Kentucky,"['HB173', 'HB177', 'HB30']"
Thomas Jeneary,Iowa,['HF2']
Thomas Jones,Pennsylvania,['HB138']
Thomas McInnis,North Carolina,['S49']
Thomas McKay,Alaska,['HB27']
Thomas Patton,Ohio,['HB68']
Thomas Pope,South Carolina,['H3485']
Thomas Wright,Virginia,['HB1387']
Tim Barhorst,Ohio,"['HB68', 'HB6']"
Tim French,Wyoming,"['SF0144', 'SF0172', 'SF0133']"
Tim Hicks,Tennessee,['HB0001']
Tim Rudd,Tennessee,"['HB0001', 'HB1215', 'HB0878', 'HB0571']"
Tim Salazar,Wyoming,"['SF0172', 'SF0133']"
Tim Scott,US,['SB200']
Tim Walberg,US,"['HB734', 'HB736', 'HB5']"
Timmy Truett,Kentucky,"['HB470', 'HB177', 'HB30']"
Timothy Lang,New Hampshire,['SB272']
Timothy Moffitt,North Carolina,['S49']
Timothy Wesco,Indiana,"['SB0480', 'HB1346']"
Tina Mulally,South Dakota,"['HB1116', 'HB1125', 'HB1080']"
Todd Beard,North Dakota,"['HB1526', 'HB1522']"
Todd Johnson,North Carolina,['S49']
Todd Jones,Georgia,['HB653']
Todd Kirby,West Virginia,"['HB2007', 'HB2998', 'HB3001', 'HB3503']"
Todd Longanacre,West Virginia,"['HB3176', 'HB3183', 'HB3503']"
Todd Morgan,Maryland,['HB359']
Todd Warner,Tennessee,"['HB0001', 'HB0009', 'HB0030']"
Todd Weiler,Utah,['SB0100']
Tom Cotton,US,['SB635']
Tom Craddick,Texas,['HB23']
Tom Emmer,US,['HB5']
Tom Fast,West Virginia,['HB3097']
Tom Gann,Oklahoma,"['HB2186', 'HB2177', 'HB1377']"
Tom Hartnett,South Carolina,['H3197']
Tom Leatherwood,Tennessee,"['HB0001', 'HB0009']"
Tom McClintock,US,"['HB734', 'HB5']"
Tom Moore,Iowa,['HF2']
Tom Oliverson,Texas,"['HB1155', 'HB1686', 'HB23', 'HB319']"
Tom Pischke,South Dakota,"['HB1116', 'HB1125', 'HB1208', 'HCR6008', 'HB1080']"
Tom Smith,Kentucky,"['HB177', 'HB30']"
Tom Tiffany,US,"['HB734', 'HB5']"
Tom Walters,Wyoming,['SF0111']
Tom Woods,Oklahoma,"['SB129', 'SB613']"
Tom Young,Ohio,"['HB68', 'HB6']"
Tomi Strock,Wyoming,['SF0111']
Tommy Tuberville,US,['SB435']
Toni Hasenbeck,Oklahoma,"['HB1449', 'SB408', 'SB613']"
Tony Furman,Arkansas,['SB294']
Tony Luetkemeyer,Missouri,"['SB39', 'SB49', 'SB29']"
Tony Randolph,South Dakota,"['HB1116', 'HB1125', 'HB1080']"
Tony Tinderholt,Texas,"['HB1686', 'HB23', 'HB4754']"
Tracey Mann,US,['HB5']
Tracy Cramer,Oregon,['HB2477']
Tracy Richardson,Ohio,['HB6']
Travis Clardy,Texas,"['HB1686', 'HB23']"
Travis Fitzwater,Missouri,"['SB39', 'SB49']"
Travis Moore,South Carolina,['H3485']
Trent Ashby,Texas,"['HB1686', 'HB23']"
Trent Kelly,US,['HB5']
Trish Ladner,South Dakota,['HB1080']
Troy Balderson,US,"['HB734', 'HB5']"
Troy McKeown,Wyoming,"['SF0111', 'SF0144', 'SF0172', 'SF0133']"
Troy Nehls,US,"['HB1399', 'HB5', 'HB985']"
Ty Winter,Colorado,['HB1098']
Tyler Dees,Arkansas,"['SB294', 'SB43']"
Tyler Johnson,Indiana,['SB0480']
Tyler McCaughn,Mississippi,['SB2760']
Val Guest,South Carolina,"['H3551', 'H3551']"
Valoree Swanson,Texas,"['HB1155', 'HB1686', 'HB23', 'HB2862', 'HB3147', 'HB3164', 'HB3213']"
Vern Buchanan,US,['HB5']
Vickie Sawyer,North Carolina,['S49']
Vicky Steiner,North Dakota,"['HB1332', 'HB1205', 'HB1297', 'HB1473', 'HB1474', 'HB1489', 'HCR3010']"
Vince Deeds,West Virginia,['SB252']
Vince Mangold,Mississippi,['HB1127']
Virginia Foxx,US,"['HB734', 'HR115', 'HB5']"
Virgle Osborne,Oregon,['SB897']
Vito Barbieri,Idaho,['H0071']
Wade Andrews,Arkansas,['SB294']
Wade Williams,Kentucky,"['HB470', 'HB177', 'HB30']"
Walker Thomas,Kentucky,"['HB470', 'HB173', 'HB177', 'HB30']"
Wallace Jordan,South Carolina,['H3728']
Walter Hudson,Minnesota,"['HF1903', 'HF551']"
Walter Michel,Mississippi,['SB2760']
Warren Daniel,North Carolina,['S49']
Warren Davidson,US,['HB734']
Warren Hamilton,Oklahoma,"['SB129', 'SB408', 'SB613', 'SB131', 'SB30', 'SB345']"
Wayne Clark,West Virginia,['HB2007']
Wayne Harper,Utah,['HB0132']
Wayne Hartman,Maryland,['HB359']
Wayne Long,Arkansas,"['HB1156', 'SB43', 'HB1468', 'HB1615']"
Wendell Walker,Virginia,"['HB1387', 'HB2432']"
Wendy Davis Schuler,Wyoming,"['HB0187', 'SF0111', 'SF0133']"
Werner Reschke,Oregon,['SB897']
Wesley Hunt,US,"['HB734', 'HB5']"
Weston Newton,South Carolina,['H3728']
William Arnold,Mississippi,"['HB1127', 'HB1125']"
William Chumley,South Carolina,"['H3197', 'H3485', 'H3551', 'H3551']"
William Eigel,Missouri,"['SB49', 'SB281', 'SB497', 'SB693']"
William Gannon,New Hampshire,['SB272']
William Henderson,Wyoming,['SF0133']
William Herbkersman,South Carolina,['H3728']
William Hewitt,South Carolina,['H3728']
William Hixon,South Carolina,['H3485']
William Lamberth,Tennessee,"['HB0001', 'HB0239', 'HB1269']"
William Metcalf,Texas,"['HB1155', 'HB1686', 'HB23', 'HB3164', 'HB631', 'HB888']"
William Ridenour,West Virginia,['HB3183']
William Shorma,South Dakota,['HB1116']
William Slater,Tennessee,"['HB0001', 'HB0009', 'HB0030', 'HB0878']"
William Timmons,US,"['HB734', 'HB736']"
William Valentine,Maryland,['HB359']
William Wivell,Maryland,['HB359']
Wren Williams,Virginia,"['HB1387', 'HB1707', 'HB2432']"
Zach Payne,Indiana,['HB1118']
Zachary Nunn,US,['HB5']
Zack Gramlich,Arkansas,['SB294']
committee for review of Administrative Rules,Wisconsin,['SB4']
